Question,Answer
Kapan Pilkada Bekasi atau Kapan Pilkada Bekasi 2024 dilaksanakan?,Pilkada Bekasi 2024 dijadwalkan pada 27 November 2024.
Siapa saja kandidat kandidatnya atau calon pasangan dalam Pilkada Bekasi 2024?,"Pasangan kandidat adalah: \n 1. Ade Kuswara Kunang, S.H dan dr. Asep Surya Atmaja \n 2. Dani Ramdan dan H. Romli HM \n 3. BN Holik Qodratulloh dan Faizal Hafan Farid."
Apa syarat untuk memilih di Pilkada Bekasi 2024?,"Pemilih harus berusia minimal 17 tahun, memiliki KTP elektronik, dan terdaftar dalam daftar pemilih tetap (DPT)."
Apa saja partai yang mendukung kandidat Ade Kuswara Kunang dan Asep Surya Atmaja pada Pilkada Bekasi?,"Partai Persatuan Pembangunan (PPP), PDI Perjuangan, Partai Buruh, dan Partai Bulan Bintang (PBB)."
Apa saja partai yang mendukung kandidat Dani-Romli pada Pilkada Bekasi?,"Partai Hanura, PKB, Partai Golkar, Partai Demokrat, PSI, dan Partai Gelora."
Apa saja partai yang mendukung kandidat Muhammad BN Holik Qodratulloh dan Faizal Hafan Farid pada Pilkada Bekasi?,"Partai Gerindra, PKS, PAN, dan Nasdem."
Bagaimana cara memastikan nama saya terdaftar dalam DPT?,Anda bisa memeriksa daftar pemilih tetap melalui website resmi KPU atau kantor kelurahan terdekat.
Apakah ada calon independen di Pilkada Bekasi 2024?,Informasi tentang calon independen akan dikonfirmasi setelah pendaftaran kandidat selesai.
Bagaimana proses pemungutan suara dilakukan?,"Pemungutan suara dilakukan secara langsung, umum, bebas, rahasia, jujur, dan adil di TPS yang telah ditentukan."
Apa yang harus dibawa saat mencoblos?,Pemilih harus membawa KTP elektronik atau surat undangan memilih (formulir C6).
Kapan hasil Pilkada Bekasi 2024 diumumkan?,"Hasil Pilkada akan diumumkan beberapa hari setelah pemungutan suara, tergantung pada proses perhitungan suara."
Siapa penyelenggara Pilkada Bekasi 2024?,Pilkada Bekasi 2024 diselenggarakan oleh Komisi Pemilihan Umum (KPU) Kabupaten Bekasi.
Apakah TPS akan menyediakan fasilitas bagi penyandang disabilitas?,"Ya, setiap TPS akan menyediakan fasilitas aksesibilitas bagi penyandang disabilitas."
Apa saja tahap-tahap dalam Pilkada Bekasi 2024?,"Tahapan Pilkada meliputi pendaftaran kandidat, penetapan DPT, kampanye, pemungutan suara, dan penghitungan suara."
Berapa jumlah TPS yang disiapkan untuk Pilkada Bekasi 2024?,Jumlah TPS akan diumumkan oleh KPU mendekati hari pemungutan suara.
Apakah warga luar Bekasi bisa ikut memilih?,Hanya warga yang terdaftar dalam DPT Bekasi yang dapat memilih di Pilkada Bekasi 2024.
Apa tujuan dari Pilkada Bekasi?,Tujuan Pilkada adalah memilih kepala daerah yang akan memimpin Kabupaten Bekasi untuk periode 2024-2029.
Apa peran KPU dalam Pilkada Bekasi?,"KPU bertanggung jawab dalam penyelenggaraan seluruh tahapan Pilkada, mulai dari pendaftaran kandidat hingga pengumuman hasil."
Bagaimana cara mencalonkan diri sebagai kandidat Pilkada Bekasi?,Kandidat harus didukung oleh partai politik atau mengumpulkan dukungan minimal dari 10% DPT jika maju secara independen.
Apakah saya bisa memilih jika KTP saya tidak sesuai domisili?,Anda hanya dapat memilih di TPS sesuai dengan domisili yang tercatat dalam DPT.
Apakah pemilih diperbolehkan mencoblos secara online?,"Saat ini, pencoblosan dilakukan secara langsung di TPS. Tidak ada opsi untuk mencoblos secara online."
Apa saja isu utama yang menjadi fokus dalam Pilkada Bekasi 2024?,"Isu utama dapat mencakup pembangunan infrastruktur, pelayanan publik, dan kesejahteraan masyarakat. Namun, ini bergantung pada program kandidat."
Berapa banyak kandidat yang bisa maju dalam Pilkada Bekasi?,Jumlah kandidat bergantung pada jumlah pendaftar yang memenuhi syarat KPU.
Kapan jadwal kampanye Pilkada Bekasi 2024 dimulai?,Jadwal kampanye akan diumumkan oleh KPU setelah penetapan kandidat resmi.
Bagaimana cara melaporkan kecurangan atau pelanggaran kampanye?,Anda dapat melaporkan pelanggaran kampanye kepada Panwaslu atau KPU setempat.
Apakah pemilih diperbolehkan membawa ponsel ke bilik suara?,Pemilih tidak diperbolehkan menggunakan ponsel di bilik suara untuk menjaga kerahasiaan pemilu.
Apa hukuman bagi kandidat yang melanggar aturan kampanye?,Kandidat yang melanggar aturan kampanye dapat dikenai sanksi administratif hingga diskualifikasi.
Berapa lama waktu yang diberikan untuk mencoblos di TPS?,Pemilih dapat mencoblos di TPS mulai pukul 07.00 hingga 13.00 waktu setempat.
Apakah hasil Pilkada dapat diprotes?,"Hasil Pilkada dapat diprotes melalui mekanisme yang telah ditentukan, seperti melalui Mahkamah Konstitusi."
Apa yang terjadi jika ada kandidat yang mengundurkan diri?,"Jika kandidat mengundurkan diri, KPU akan mengambil langkah sesuai peraturan yang berlaku, termasuk penyesuaian surat suara."
Bagaimana cara memberikan suara yang sah?,Suara dinyatakan sah jika pemilih mencoblos hanya pada satu kolom pasangan calon atau partai.
apa visi calon pasangan atau Apa visi pasangan calon Ade koswara dan Asep surya untuk Kabupaten Bekasi?,"Visi pasangan calon Ade Kuswara Kunang dan dr. Asep Surya Atmaja adalah mewujudkan Kabupaten Bekasi yang merdeka, bersatu, berdaulat, adil, dan makmur."
Apa misi pasangan Ade Kuswara dan Asep Surya?,"Misi mereka adalah melindungi rakyat, mencerdaskan kehidupan, meningkatkan kesejahteraan, dan menciptakan keadilan sosial."
Apa saja lima bidang prioritas program pasangan Ade-Asep?,"Lima bidang prioritas program pasangan Ade-Asep adalah: Sandang, Pangan & Papan, Kesehatan, Pekerjaan & Jaminan Sosial, Pendidikan & Kebudayaan, Kehidupan Sosial, Perlindungan Hukum & HAM, dan Infrastruktur & Lingkungan Hidup."
Apa yang menjadi fokus utama misi pasangan Ade-Asep?,"Fokus utama misi pasangan Ade-Asep adalah melindungi segenap rakyat Kabupaten Bekasi, memajukan kesejahteraan umum, mencerdaskan kehidupan rakyat, serta menciptakan keadilan sosial."
Apa saja program unggulan dari pasangan Ade-Asep di bidang pendidikan?,"Program unggulan di bidang pendidikan antara lain: penataan kebijakan pendidikan, program Pendidikan Satu Atap, standarisasi kurikulum sekolah berbasis industri, dan pembangunan politeknik vokasi."
Apa yang akan dilakukan pasangan Ade-Asep untuk meningkatkan sektor kesehatan?,"Pasangan Ade-Asep akan melakukan pemetaan fasilitas kesehatan, pembangunan rumah sakit, peningkatan kualitas pelayanan puskesmas, dan memastikan seluruh warga terdaftar dalam BPJS Kesehatan."
Apa program unggulan pasangan Ade-Asep di sektor ekonomi?,"Di sektor ekonomi, program unggulan pasangan Ade-Asep termasuk pengembangan UMKM, revitalisasi pasar tradisional, serta pengembangan industri berbasis lokal dan pertanian."
Bagaimana pasangan Ade-Asep akan menangani masalah pengangguran di Kabupaten Bekasi?,"Pasangan Ade-Asep akan menciptakan 200.000 kesempatan kerja baru, mengembangkan pusat pertumbuhan ekonomi, dan mengembangkan sektor UMKM serta pendidikan berbasis industri."
Apa yang akan dilakukan pasangan Ade-Asep untuk masalah infrastruktur?,"Pasangan Ade-Asep akan memperbaiki jalan rusak, membangun infrastruktur dasar, dan mengembangkan sistem transportasi massal di Kabupaten Bekasi."
Apa yang menjadi perhatian pasangan Ade-Asep terkait lingkungan hidup?,"Pasangan Ade-Asep akan memperbaiki pengelolaan sampah, mengembangkan infrastruktur ramah lingkungan, dan melakukan reboisasi serta penghijauan di wilayah Kabupaten Bekasi."
Apa program unggulan pasangan calon Dani Ramdan-Romli HM di bidang ekonomi?,"Program unggulan Dani Ramdan-Romli termasuk pengembangan ekonomi berbasis industri, wisata, pertanian, kelautan, dan pemberdayaan UMKM di Kabupaten Bekasi."
apa visi calon pasangan atau Apa visi pasangan Dani Ramdan-Romli untuk Kabupaten Bekasi?,Visi pasangan Dani Ramdan dan H. Romli HM adalah mewujudkan Kabupaten Bekasi yang makin berani melaju untuk Indonesia maju.
Apa misi pasangan Dani Ramdan dan Romli HM?,"Misi mereka adalah mempercepat pembangunan infrastruktur, meningkatkan pelayanan sosial, dan mengurangi ketimpangan sosial."
apa visi calon pasangan atau Apa visi pasangan BN Holik dan Faizal Hafan Farid untuk Kabupaten Bekasi?,Visi pasangan BN Holik Qodratulloh dan Faizal Hafan Farid adalah mewujudkan Kabupaten Bekasi sebagai pusat ekonomi lokal yang berkelanjutan.
Apa saja program unggulan pasangan BN Holik dan Faizal Hafan?,"Program unggulan mereka mencakup penguatan sektor pertanian, kelautan, UMKM, serta pembangunan infrastruktur hijau."
Apa misi pasangan BN Holik dan Faizal Hafan?,"Misi mereka adalah memaksimalkan potensi ekonomi lokal, menciptakan lapangan kerja, dan melindungi lingkungan hidup."
Bagaimana pasangan Dani Ramdan-Romli akan menangani masalah ketimpangan sosial?,"Pasangan Dani Ramdan-Romli berencana mempercepat pembangunan infrastruktur, meningkatkan pelayanan sosial, serta mengembangkan program-program pemberdayaan ekonomi untuk mengurangi kesenjangan sosial."
Apa yang akan dilakukan pasangan Dani Ramdan-Romli terkait transportasi di Kabupaten Bekasi?,"Mereka akan memperbaiki infrastruktur transportasi, mengembangkan sistem transportasi massal, dan memastikan akses transportasi publik yang merata di seluruh Kabupaten Bekasi."
Apa latar belakang Dani Ramdan dan Romli HM?,"Dani Ramdan adalah mantan Penjabat Bupati Bekasi yang aktif dalam proyek perbaikan infrastruktur dan penanganan bencana alam. Romli HM, pasangannya, adalah anggota DPRD Kabupaten Bekasi yang dikenal berfokus pada ketenagakerjaan dan kesejahteraan masyarakat."
Apa latar belakang BN Holik Qodratulloh dan Faizal Hafan Farid?,"BN Holik Qodratulloh adalah mantan Ketua DPRD Kabupaten Bekasi yang dikenal dengan perjuangan untuk hak buruh dan ekonomi masyarakat. Faizal Hafan Farid adalah seorang pengusaha muda yang memiliki visi untuk memaksimalkan potensi ekonomi lokal, khususnya di sektor pertanian dan kelautan."
Apa latar belakang Ade Kuswara Kunang dan Asep Surya Atmaja?,"Ade Kuswara Kunang adalah seorang pengusaha yang berfokus pada pengembangan infrastruktur di Kabupaten Bekasi. Asep Surya Atmaja, pasangannya, adalah tokoh pendidikan yang berkomitmen untuk meningkatkan kualitas pendidikan di daerah yang kurang fasilitas pendidikan."
Apakah ada calon independen di Pilkada Bekasi 2024?,"Hingga saat ini, belum ada konfirmasi calon independen dalam Pilkada Bekasi 2024."
Bagaimana cara memastikan nama saya terdaftar dalam DPT?,Anda bisa memeriksa DPT melalui website resmi KPU atau kantor kelurahan.
Apakah hasil Pilkada dapat diprotes?,Hasil Pilkada dapat diprotes melalui mekanisme Mahkamah Konstitusi jika terdapat sengketa.
